Name,Allegiances,Death Year,Book of Death,Death Chapter,Book Intro Chapter,Gender,Nobility,GoT,CoK,SoS,FfC,DwD
Jeyne Westerling,Stark,,,,14,0,1,0,0,1,1,0
Galazza Galare,None,,,,23,0,1,0,0,0,0,1
Tytos Blackwood,Tully,,,,56,1,1,1,0,1,0,1
Daemon Sand,Martell,,,,38,1,0,0,0,1,0,1
Jon Fossoway,Baratheon,,,,22,1,1,0,1,0,0,0
Harmund Sharp,Greyjoy,,,,19,1,1,0,0,0,1,0
Rodrik Ryswell,None,,,,32,1,1,0,0,0,0,1
Willit,Lannister,,,,65,1,0,0,1,0,0,0
Tickler,Lannister,300,3,74,26,1,0,0,1,1,0,0
Osney Kettleblack,Lannister,,,,41,1,1,0,1,1,1,0
Alyn Ambrose,Tyrell,,,,59,1,1,0,1,0,1,0
Fat Walda Frey,None,,,,37,0,1,0,0,1,0,1
Ottyn Wythers,Night's Watch,299,3,48,13,1,0,0,1,1,0,0
Edric Dayne,None,,,,34,1,1,0,0,1,0,0
Jon Connington,Targaryen,,,,5,1,1,0,0,0,0,1
Tristifer Botley,Greyjoy,,,,11,1,1,0,0,0,1,1
Maslyn,Night's Watch,299,3,18,0,1,0,0,0,1,0,0
Wex Pyke,Stark,,,,24,1,0,0,1,0,0,1
Gylbert Farwynd,Greyjoy,,,,19,1,1,0,0,0,1,0
Qyle,Night's Watch,299,2,2,2,1,0,0,1,0,0,0
Lharys,Stark,298,1,34,31,1,1,1,0,0,0,0
Osha,House Stark,,,,37,0,0,1,1,0,0,0
Donnis,House Stark,,,,7,1,0,1,0,0,0,0
Cragorn,House Greyjoy,300,4,29,19,1,0,0,0,0,1,0
Kevan Lannister,House Lannister,300,5,,56,1,1,1,1,1,1,1
Rymolf Stormdrunk,House Greyjoy,,,,24,1,0,0,1,0,0,0
Sarella Sand,House Martell,,,,2,0,0,0,0,0,1,0
Bloodbeard,None,,,,25,1,0,0,0,0,0,1
Ebben,Night's Watch,299,2,68,43,1,0,0,1,0,0,0
Illyrio Mopatis,House Targaryen,,,,3,1,1,1,0,0,0,1
Emmond,Greyjoy,,,,1,1,0,0,0,0,1,0
Brusco,None,,,,22,1,0,0,0,0,1,1
Garin (Orphan),Martell,,,,21,1,0,0,0,0,1,0
Daryn Hornwood,Stark,298,1,63,63,1,1,1,0,0,0,0
Melly,None,,,,34,0,0,0,0,1,0,0
Alia of Braavos,None,,,,28,0,0,1,0,0,0,0
Whalen Frey,None,,,,59,1,1,1,0,1,0,0
Theomore Lannister,None,,,,19,1,1,0,0,0,0,1
Barbrey Dustin,Stark,,,,26,0,1,0,0,0,0,1
Maric Seaworth,House Baratheon,299,2,58,10,1,1,0,1,0,0,0
Balon Swann,Lannister,,,,29,1,1,1,1,1,1,1
Byan Votyris,None,,,,54,1,0,1,0,0,0,0
Eldred Codd,Greyjoy,,,,18,1,1,0,0,0,1,0
Ezzara,Targaryen,,,,30,0,0,0,0,0,0,1
Tumco Lho,Targaryen,,,,67,1,0,0,0,0,0,1
Dunstan Drumm,Greyjoy,,,,19,1,1,0,0,0,1,0
Dacey Mormont,Stark,299,3,51,63,0,1,1,0,1,0,0
Mathis Rowan,Lannister,,,,22,1,1,0,1,1,1,0
Koss,Night's Watch,299,2,14,5,1,0,0,1,0,0,0
Dale Seaworth,Baratheon,299,2,58,10,1,1,0,1,0,0,0
Meribald,None,,,,25,1,0,0,0,0,1,0
Morros Slynt,Lannister,,,,2,1,1,0,1,1,0,0
Robert Arryn,House Arryn,,,,40,1,1,1,0,1,1,0
Burton Crakehall,Lannister,299,2,7,55,1,1,1,1,0,0,0
Butterbumps,House Tyrell,,,,6,1,0,0,0,1,0,0
Olenna Redwyne,Tyrell,,,,19,0,1,0,0,1,1,0
Donnel Hill,Night's Watch,,,,0,1,0,0,0,1,0,1
Black Bernarr,Night's Watch,,,,18,1,0,0,0,1,0,1
Flement Brax,Lannister,,,,56,1,1,1,0,1,1,0
Mad Huntsman,None,,,,29,1,0,0,0,1,0,0
Othell Yarwyck,Night's Watch,,,,48,1,0,1,0,1,0,1
Reznak mo Reznak,None,,,,2,1,1,0,0,0,0,1
Mago,None,,,,61,1,0,1,0,0,0,0
Benedar Belmore,Arryn,,,,23,1,1,0,0,0,1,0
Shae,Lannister,300,3,77,62,0,0,1,1,1,0,0
Danwell Frey,None,,,,59,1,1,1,1,1,1,0
Spotted Cat,None,,,,11,1,0,0,0,0,0,1
Mirri Maz Duur,None,299,1,72,61,0,0,1,0,0,0,0
Lyle Crakehall,Lannister,,,,12,1,1,0,0,0,1,0
Ilyn Payne,Lannister,,,,15,1,1,1,1,1,1,0
Anvil Ryn,None,299,3,34,34,1,0,0,0,1,0,0
Garse Goodbrook,None,299,3,,,1,1,0,0,1,0,0
Raymar Royce,Arryn,,,,45,1,1,0,0,1,0,0
Qezza,None,,,,2,0,0,0,0,0,0,1
Lothar Frey,None,,,,35,1,1,0,0,1,0,0
Cersei Lannister,House Lannister,,,,4,0,1,1,1,1,1,1
Prendahl na Ghezn,None,299,3,42,42,1,0,0,0,1,0,0
Spare Boot,Night's Watch,,,,55,1,0,0,0,1,0,0
Sarra Frey,None,,,,49,0,1,0,0,1,0,0
Rodrik Harlaw,Greyjoy,,,,11,1,1,0,0,0,1,0
Sandor Clegane,None,300,4,31,7,1,1,1,1,1,1,0
Wynton Stout,Night's Watch,,,,41,1,0,0,0,1,0,0
Edmure Tully,House Tully,,,,28,1,1,1,1,1,1,0
Craster,None,299,3,33,23,1,0,0,1,1,0,0
Brandon Norrey,Stark,,,,49,1,1,0,0,0,0,1
Godric Borrell,None,,,,9,1,1,0,0,0,0,1
Porridge,Baratheon,,,,25,1,0,0,0,1,0,0
Rollam Westerling,Stark,,,,14,1,1,0,0,1,0,0
Wayn (guard),House Stark,,,,37,1,0,1,0,0,0,0
Big Boil,Wildling,,,,41,1,0,0,0,1,0,0
Arys Oakheart,Lannister,300,4,21,57,1,1,1,1,0,1,0
Qotho,None,298,1,61,11,1,0,1,0,0,0,0
Lymond Lychester,Tully,,,,22,1,1,0,0,1,0,0
Marlon Manderly,Stark,,,,19,1,1,0,0,0,0,1
Mariya Darry,None,,,,30,0,1,0,0,0,1,0
Tyrion Lannister,Lannister,,,,4,1,1,1,1,1,0,1
Quellon Humble,Greyjoy,,,,18,1,1,0,0,0,1,0
Denys Mallister,Night's Watch,,,,48,1,1,0,0,1,0,0
Pylos,Baratheon,,,,0,1,0,0,1,1,0,0
Bellonara Otherys,None,,,,34,0,1,0,0,0,1,0
Patchface,Baratheon,,,,0,1,0,0,1,1,0,1
Boros Blount,Baratheon,,,,8,1,1,1,1,1,1,1
Ryger Rivers,None,,,,59,1,0,1,0,0,0,0
Merrett Frey,None,300,3,,59,1,1,1,0,1,0,0
Ragnor Pyke,House Greyjoy,,,,29,1,0,0,0,0,1,0
Jhiqui,House Targaryen,,,,11,0,0,1,1,1,0,1
Symond Frey,None,300,5,29,19,1,1,0,0,0,0,1
Theodan Wells,Stark,,,,43,1,1,0,0,0,1,1
Doran Martell,Martell,,,,2,1,1,0,0,0,1,1
Gynir,House Greyjoy,299,2,56,50,1,0,0,1,0,0,0
Ryman Frey,None,300,4,44,14,1,1,0,0,1,1,0
Iron Emmett,Night's Watch,,,,79,1,0,0,0,1,0,1
Ben,None,,,,37,1,0,0,0,0,1,0
Farlen,House Stark,299,2,56,46,1,0,0,1,0,0,0
Jeren,Night's Watch,,,,19,1,0,1,0,0,0,0
Goady,Night's Watch,,,,0,1,0,0,0,1,0,0
Eleyna Westerling,Stark,,,,45,0,1,0,0,1,1,0
Henly (Maester),None,,,,37,1,0,0,0,0,0,1
Perwyn Frey,None,,,,29,1,1,1,1,0,0,0
Red Rolfe,House Greyjoy,299,2,66,66,1,0,0,1,0,0,0
Erik Ironmaker,Greyjoy,,,,19,1,1,0,0,0,1,0
Leobald Tallhart,Stark,299,2,66,16,1,1,0,1,0,0,0
Lenwood Tawney,Greyjoy,,,,18,1,0,0,0,0,1,0
Torwynd the Tame,Wildling,300,5,73,73,1,0,0,0,1,0,0
Ghael,None,,,,71,1,0,0,0,1,0,1
Spotted Pate of Maidenpool,Night's Watch,299,3,55,0,1,0,0,0,1,0,0
Gariss,House Stark,,,,50,1,0,0,1,0,0,0
Lucas Blackwood,Tully,299,3,51,22,1,1,0,1,1,0,0
Malliard,Lannister,,,,20,1,0,0,1,0,0,0
Rupert Brax,House Lannister,299,2,32,32,1,0,0,1,0,0,0
Aron Santagar,Lannister,299,2,41,18,1,1,1,1,0,0,0
Rolfe,Greyjoy,,,,24,1,0,0,1,0,0,0
Beth Cassel,Stark,,,,7,0,1,1,1,0,0,0
Rhogoro,None,,,,3,1,1,1,0,0,0,0
Tothmure,Lannister,299,2,64,30,1,0,0,1,0,0,0
Wat (orphan),None,,,,37,1,0,0,0,0,1,0
Rhaegar Frey,None,300,5,29,19,1,1,0,0,0,0,1
Gevin Harlaw,Greyjoy,299,2,66,37,1,1,0,1,0,0,0
Ketter,Night's Watch,,,,52,1,0,1,0,0,0,0
Tymor,House Greyjoy,299,2,66,37,1,0,0,1,0,0,0
Gendry,None,,,,27,1,0,1,1,1,1,0
Chiswyck,None,299,2,30,26,1,0,0,1,0,0,0
Arneld,Lannister,,,,59,1,0,0,1,0,0,0
Roger Hogg,Lannister,,,,27,1,1,0,0,0,1,0
Justin Massey,Baratheon,,,,7,1,1,0,0,0,0,1
Wynafryd Manderly,Stark,,,,19,1,1,0,0,0,0,1
Tumberjon,Night's Watch,,,,0,1,0,0,0,1,0,0
Bonifer Hasty,Lannister,,,,65,1,1,0,1,0,1,0
Lymond Goodbrook,Tully,,,,45,1,1,0,0,1,0,0
Torrek,None,,,,42,1,0,1,0,0,0,0
Val,Wildling,,,,7,0,0,0,0,1,0,1
Werlag,House Greyjoy,299,2,66,37,1,0,0,1,0,0,0
Wallen,Wildling,298,1,37,37,1,0,1,0,0,0,0
Todder,Night's Watch,,,,19,1,0,1,0,1,0,1
Biter,None,300,4,37,1,1,0,0,1,0,1,0
Thoros,None,,,,29,1,0,1,0,1,1,0
Harras Harlaw,Greyjoy,,,,11,1,1,0,0,0,1,0
Bryen Farring,Baratheon,300,5,62,10,1,1,0,1,0,0,1
Helman Tallhart,Stark,299,3,37,55,1,1,1,0,1,0,0
Rowan,Wildling,300,5,69,37,1,0,0,0,0,0,1
Matthos Seaworth,Baratheon,299,2,58,10,1,1,0,1,0,0,0
Jorah Mormont,Targaryen,,,,23,1,1,1,1,1,0,1
Tal Toraq,Targaryen,,,,70,1,0,0,0,0,0,1
Robin Moreland,Lannister,,,,16,1,1,0,0,0,1,0
Timon,Baratheon,,,,65,1,0,0,1,0,0,0
Nymella Toland,Martell,,,,38,0,1,0,0,0,0,1
Walton,None,,,,64,1,0,0,1,1,0,1
Mallor,House Lannister,,,,63,1,0,1,0,0,0,0
Ysilla,House Targaryen,,,,8,1,0,0,0,0,0,1
Tytos Frey,None,299,3,,,1,1,0,0,1,0,0
Yoren,Night's Watch,299,2,19,13,1,0,1,1,0,0,0
Dywen,Night's Watch,,,,48,1,0,1,1,1,0,1
Dontos Hollard,None,300,3,61,57,1,1,1,1,1,0,0
Elyas Willum,Baratheon,,,,22,1,1,0,1,0,0,0
Humfrey Swyft,Lannister,,,,16,1,1,0,0,0,1,0
Duram Bar Emmon,Baratheon,,,,0,1,1,0,1,0,0,0
Addam Marbrand,Lannister,,,,56,1,1,1,1,1,1,0
Lewys Piper,Lannister,,,,27,1,1,0,0,0,1,0
Barristan Selmy,Targaryen,,,,15,1,1,1,1,1,0,1
Creighton Longbough,None,,,,4,1,0,0,0,0,1,0
Mero,None,299,3,57,42,1,0,0,0,1,0,0
Cersei Frey,None,,,,49,0,1,0,0,1,0,0
Lewys Lydden,Lannister,,,,62,1,1,1,1,0,0,0
Hali,Wildling,298,1,37,37,0,0,1,0,0,0,0
Hullen,House Stark,298,1,50,1,1,0,1,0,0,0,0
Gorold Goodbrother,Greyjoy,,,,1,1,1,0,0,0,1,0
Qyburn,Lannister,,,,64,1,0,0,1,1,1,1
Sybelle Glover,Stark,,,,26,0,1,0,0,0,0,1
Ramsay Snow,None,,,,16,1,1,0,1,0,0,1
Hareth (Mole's Town),Night's Watch,,,,64,1,0,0,0,1,0,1
Luwin,House Stark,299,2,69,14,1,0,1,1,0,0,0
Shagwell,None,300,4,20,30,1,0,0,1,1,1,0
Roland Crakehall (Lord),Lannister,,,,32,1,1,0,1,0,0,0
Oznak zo Pahl,None,299,3,57,57,1,1,0,0,1,0,0
Wun Weg Wun Dar Wun,Wildling,,,,35,1,0,0,0,0,0,1
Raymund Frey,None,,,,49,1,1,0,0,1,0,0
Jonelle Cerwyn,Stark,,,,53,0,1,1,0,0,0,0
Kindly man,None,,,,6,1,0,0,0,0,1,1
Andar Royce,Arryn,,,,29,1,1,1,0,0,0,0
Mudge (miller),None,299,3,34,34,1,0,0,0,1,0,0
Hod,None,,,,5,1,0,0,1,0,0,0
Byron,Arryn,,,,41,1,0,0,0,0,1,0
Jacks,House Stark,,,,22,1,0,1,1,0,0,0
Hairy Hal,Night's Watch,300,5,31,55,1,0,0,0,1,1,1
Alebelly,House Stark,299,2,46,4,1,0,0,1,0,0,0
Lysa Tully,House Arryn,300,3,,34,0,1,1,0,1,0,0
Grunt,None,,,,12,1,0,0,0,0,0,1
Leo Tyrell,Tyrell,,,,0,1,1,0,0,0,1,0
Grigg,Wildling,,,,30,1,0,0,0,1,0,0
Marillion,Arryn,300,4,23,28,1,0,1,0,1,1,0
Albar Royce,Arryn,,,,38,1,1,1,0,0,1,0
Ronnet Connington,Baratheon,,,,22,1,1,0,1,0,1,1
Lothor Brune,None,,,,29,1,1,1,1,1,1,0
Nestor Royce,Arryn,,,,34,1,1,1,0,0,1,0
Falia Flowers,Greyjoy,,,,29,0,0,0,0,0,1,0
Alayaya,None,,,,15,0,0,0,1,0,0,0
Porther,House Stark,299,2,21,22,1,0,1,1,0,0,0
Barth (brewer),House Stark,,,,50,1,0,0,1,0,0,0
Weeper,Wildling,,,,7,1,1,0,0,1,0,0
Roose Ryswell,None,,,,32,1,1,0,0,0,0,1
Deziel Dalt,Martell,,,,38,1,1,0,0,1,0,1
Philip Foote,Lannister,,,,65,1,1,0,1,1,0,0
Xaro Xhoan Daxos,None,,,,12,1,1,0,1,0,0,1
Norjen,Greyjoy,,,,1,1,0,0,0,0,1,0
Arwyn Frey,None,,,,49,0,1,0,0,1,0,0
Rakharo,House Targaryen,,,,54,1,0,1,1,1,0,1
Gerris Drinkwater,Martell,,,,6,1,1,0,0,0,0,1
Mully,Night's Watch,,,,55,1,0,0,0,1,1,1
Munciter,Lannister,,,,20,1,0,0,1,0,0,0
Melisandre,Baratheon,,,,0,0,0,0,1,1,0,1
Sawane Botley,Greyjoy,299,4,18,1,1,1,0,0,0,1,0
Frenken,Lannister,,,,15,1,0,0,1,1,0,0
Perros Blackmont,Martell,,,,38,1,1,0,0,1,0,0
Gillam,None,,,,31,1,0,0,0,0,1,0
Harwin,Stark,,,,1,1,0,1,0,1,1,0
Alan of Rosby,Night's Watch,300,5,4,18,1,1,0,1,1,0,1
Fletcher Will,None,299,3,34,34,1,0,0,0,1,0,0
Vyman,Tully,,,,55,1,0,0,1,1,1,0
Mohor,None,298,1,31,31,1,1,1,0,0,0,0
Brenett,None,,,,49,1,0,0,0,1,0,0
Harrion Karstark,Stark,,,,53,1,1,1,1,0,0,0
Heward,House Stark,298,1,35,35,1,0,1,0,0,0,0
Ralf Kenning,Greyjoy,300,5,20,18,1,0,0,0,0,1,1
Clubfoot Karl,Night's Watch,300,5,4,0,1,0,0,0,1,0,1
Bessa (Winterfell),Stark,,,,37,0,0,1,0,0,0,0
Cregan Karstark,Stark,,,,44,1,1,0,0,0,0,1
Larraq,Targaryen,,,,59,1,0,0,0,0,0,1
Cotter Pyke,Night's Watch,,,,48,1,0,0,0,1,0,0
Emrick,Night's Watch,,,,75,1,0,0,0,1,0,1
Robin Flint,Stark,299,3,51,63,1,1,1,1,1,0,0
Tytos Brax,Lannister,,,,63,1,1,1,1,0,0,0
Myranda Royce,Arryn,,,,41,0,1,0,0,0,1,0
Davos Seaworth,Baratheon,,,,0,1,1,0,1,1,0,1
Jason Mallister,Stark,,,,28,1,1,1,0,1,0,0
Donnel Haigh,None,,,,49,1,1,0,0,1,0,0
Mandon Moore,Baratheon,299,2,61,51,1,1,1,1,0,0,0
Patrek Mallister,Tully,,,,28,1,1,1,0,1,0,0
Shirei Frey,None,,,,49,0,1,0,0,1,0,0
Dornish Dilly,Night's Watch,299,3,55,55,1,0,0,0,1,0,0
Boremund Harlaw,Greyjoy,,,,11,1,1,0,0,0,1,0
Tycho Nestoris,None,,,,44,1,0,0,0,0,0,1
Leona Woolfield,Stark,,,,19,0,1,0,0,0,0,1
Pello,None,,,,17,1,0,0,0,1,0,0
Hugh,House Arryn,298,1,29,25,1,0,1,0,0,0,0
Romny Weaver,Greyjoy,,,,18,1,1,0,0,0,1,0
Joss,None,,,,43,1,0,1,0,0,0,0
Lancel Lannister,Lannister,,,,47,1,1,1,1,1,1,1
Old Henly,Night's Watch,299,3,55,55,1,0,0,0,1,0,0
Yezzan Zo Qaggaz,None,300,5,57,25,1,1,0,0,0,0,1
Drogo,Targaryen,298,1,64,3,1,1,1,0,0,0,0
Chett,Night's Watch,299,3,46,41,1,0,1,1,1,0,0
Ternesio Terys,None,,,,74,1,0,0,0,1,0,0
Archibald Yronwood,Martell,,,,6,1,1,0,0,0,0,1
Dobber,None,299,2,14,5,1,0,0,1,0,0,0
Cellador,Night's Watch,,,,48,1,0,1,0,1,0,1
Bearded Ben,Night's Watch,,,,,1,0,0,0,0,1,0
Hosteen Frey,None,,,,59,1,1,1,1,1,0,1
Becca the Baker,None,299,3,34,34,0,0,0,0,1,0,0
Big Walder Frey,None,,,,,1,1,1,1,0,0,1
Desmond,House Stark,298,1,50,1,1,0,1,0,0,0,0
Daenerys Targaryen,House Targaryen,,,,3,0,1,1,1,1,0,1
Marissa Frey,None,,,,49,0,1,0,0,1,1,0
Myles,House Tully,299,2,39,39,1,0,0,1,0,0,0
Hoster Tully,House Tully,299,3,35,71,1,1,1,1,1,0,0
Jocelyn Swyft,Lannister,,,,3,0,1,0,0,0,1,1
Tanton Fossoway,Baratheon,,,,22,1,1,0,1,0,0,0
Senelle,House Lannister,300,4,24,3,0,0,0,0,0,1,0
Lady of the Leaves,None,,,,22,0,0,0,0,1,0,0
Mela,House Arryn,,,,23,0,0,0,0,0,1,0
Andrew Estermont,Baratheon,,,,36,1,1,0,0,1,0,0
Stiv,Wildling,298,1,37,37,1,0,1,0,0,0,0
Easy,Night's Watch,300,3,55,55,1,0,0,0,1,0,0
Podrick Payne,Lannister,,,,62,1,1,1,1,1,1,0
Adrack Humble,House Greyjoy,300,5,20,20,1,1,0,0,0,0,1
Moqorro,Greyjoy,,,,33,1,0,0,0,0,0,1
Bryan Fossoway,Baratheon,299,2,62,42,1,1,1,1,0,0,0
Arron Qorgyle,Martell,,,,38,1,1,0,0,1,0,0
Lysono Maar,None,,,,24,1,0,0,0,0,0,1
Lem,None,,,,13,1,0,0,0,1,1,0
Sigfry Stonetree,Greyjoy,,,,19,1,1,0,0,0,1,0
Matrice,Baratheon,,,,0,0,0,0,1,0,0,0
Ricasso,House Martell,,,,2,1,0,0,0,0,1,1
Rickard Ryswell,Stark,,,,20,1,1,0,0,0,0,1
Maerie (Whore),None,299,3,34,34,0,0,0,0,1,0,0
Marwyn Belmore,Arryn,,,,10,1,1,0,0,0,1,0
Salladhor Saan,Baratheon,,,,0,1,1,0,1,1,0,0
Imry Florent,Baratheon,299,3,4,58,1,1,0,1,1,0,0
Ronnel Harclay,Night's Watch,,,,48,1,1,0,0,1,0,0
Masha Heddle,Tully,298,1,56,28,0,0,1,0,0,0,0
Benfred Tallhart,Stark,299,2,37,16,1,1,0,1,0,0,0
Lamprey,Baratheon,,,,25,1,0,0,0,1,0,0
Stonesnake,Night's Watch,,,,43,1,0,0,1,0,0,0
Umar,None,,,,56,1,0,1,0,0,0,0
Sharna,None,,,,11,0,0,0,0,1,0,0
Ravella Swann,Tully,,,,22,0,1,0,0,1,0,0
Kurz,Night's Watch,299,2,19,5,1,0,0,1,0,0,0
Poul Pemford,House Tully,299,2,39,39,1,0,0,1,0,0,0
Harma,Wildling,300,3,75,0,0,1,0,0,1,0,0
Mark Mullendore,Tully,,,,22,1,1,0,1,0,0,0
Lorcas,None,,,,45,1,0,0,0,0,1,0
Randa,None,299,3,34,34,0,0,0,0,1,0,0
Borcas,Night's Watch,,,,48,1,0,1,0,0,0,0
Matthar,Night's Watch,,,,41,1,0,1,0,0,0,0
Paxter Redwyne,Tyrell,,,,65,1,1,0,1,1,1,0
Marq Piper,Tully,,,,56,1,1,1,0,1,0,0
Tywin Lannister,House Lannister,300,3,77,42,1,1,1,1,1,0,0
Devan Seaworth,Baratheon,,,,10,1,1,0,1,1,0,1
Samwell Tarly,Night's Watch,,,,70,1,1,1,1,1,1,1
Ghost of High Heart,None,,,,22,0,0,0,0,1,0,0
Styr,Wildling,300,3,26,7,1,1,0,0,1,0,0
Hop-Robin,Night's Watch,,,,75,1,0,0,0,1,0,1
Aethan,Night's Watch,,,,0,1,0,0,0,1,0,0
Albett,Night's Watch,,,,26,1,0,1,0,0,0,0
Wilbert,Stark,298,3,29,29,1,0,0,0,1,0,0
Hyle Hunt,None,300,4,42,14,1,1,0,0,0,1,0
Doreah,House Targaryen,299,2,12,11,0,0,1,1,0,0,0
Eddard Stark,House Stark,299,1,65,1,1,1,1,0,0,0,0
Gyles Farwynd,Greyjoy,,,,19,1,1,0,0,0,1,0
Corliss Penny,Baratheon,,,,26,1,0,0,0,0,0,1
Borroq,Wildling,,,,0,1,0,0,0,0,0,1
Alerie Hightower,House Tyrell,,,,6,0,1,0,0,1,1,0
Donnel Locke,Stark,299,3,51,25,1,1,0,1,1,0,0
Bryen,None,,,,68,1,0,0,0,1,0,0
Jeyne Poole,Stark,,,,7,0,1,1,0,1,0,1
Symon Stripeback,Targaryen,,,,70,1,0,0,0,0,0,1
Reysen,Night's Watch,,,,5,1,0,0,1,0,0,0
Goghor,None,,,,52,1,0,0,0,0,0,1
Horton Redfort,Arryn,,,,23,1,1,0,0,0,1,0
Monford Velaryon,Baratheon,299,3,25,0,1,1,0,1,0,0,0
Kraznys mo Nakloz,None,299,3,27,23,1,1,0,0,1,0,0
Cleos Frey,None,299,3,21,7,1,1,0,1,1,0,0
Mollander,None,,,,0,1,0,0,0,0,1,0
Hallyne,Lannister,,,,17,1,0,0,1,0,1,0
Hother Umber,Stark,,,,16,1,1,0,1,0,0,1
Cohollo,None,298,1,64,11,1,0,1,0,0,0,0
Tyene Sand,House Martell,,,,38,0,1,0,0,0,1,1
Grazdan,None,299,3,27,27,1,1,0,0,1,0,0
Oberyn Martell,House Martell,300,3,70,38,1,1,0,0,1,0,0
Willis Wode,Arryn,,,,31,1,1,1,0,0,0,0
Mossador,House Targaryen,300,5,11,11,1,0,0,0,1,0,1
Alys Karstark,Stark,,,,44,0,1,0,0,0,0,1
Renly Baratheon,House Baratheon,299,2,33,15,1,1,1,1,0,0,0
Horas Redwyne,Tyrell,,,,27,1,1,1,1,0,1,0
Mikken,House Stark,299,2,46,8,1,0,1,1,0,0,0
Nolla,None,299,3,34,34,0,0,0,0,1,0,0
Wat (sailor),None,,,,34,1,0,0,0,0,1,0
Robb Stark,House Stark,299,3,51,1,1,1,1,1,1,0,0
Leathers,Night's Watch,,,,35,1,0,0,0,0,0,1
Reek,None,299,2,35,16,1,0,0,1,0,0,0
Aemon Estermont,Baratheon,,,,,1,1,0,1,1,0,0
Andrik,Greyjoy,,,,19,1,1,0,0,0,1,0
Ragwyle,Wildling,,,,68,0,0,0,1,0,0,0
Eggon,None,,,,30,1,0,0,1,0,0,0
Quent,House Stark,,,,37,1,0,1,0,0,0,0
Gregor Clegane,Lannister,300,4,72,29,1,1,1,1,1,0,0
Gerren,None,299,2,19,14,1,0,0,1,0,0,0
Mors Umber,Stark,,,,21,1,1,0,1,0,0,0
Gran Goodbrother,Greyjoy,,,,1,1,1,0,0,0,1,0
Ryon Allyrion,Martell,,,,38,1,1,0,0,1,0,1
Janos Slynt,None,300,5,7,27,1,1,1,1,1,0,1
Frynne,Martell,,,,40,0,0,0,0,0,1,0
Kurleket,None,298,1,31,31,1,0,1,0,0,0,0
Esgred,Greyjoy,,,,24,1,0,0,1,0,0,0
Rafford,None,,,,19,1,0,0,1,0,1,0
Garrett Paege,Lannister,,,,30,1,1,0,0,0,1,0
Meliana,Stark,,,,69,0,0,0,0,1,0,0
Skahaz mo Kandaq,None,,,,2,1,1,0,0,0,0,1
Gysella Goodbrother,Greyjoy,,,,1,0,1,0,0,0,1,0
Viserys Targaryen,House Targaryen,298,1,46,3,1,1,1,0,0,0,0
Dudley,Stark,299,3,34,34,1,0,0,0,1,0,0
Yandry,House Targaryen,,,,8,1,0,0,0,0,0,1
Josua Willum,Baratheon,,,,22,1,1,0,1,0,0,0
Barsena,None,300,5,52,11,0,0,0,0,0,0,1
Stone Thumbs,Wildling,299,3,55,41,1,0,0,0,1,0,0
Mallador Locke,Night's Watch,299,5,18,13,1,0,0,1,1,0,0
Qarl Shepherd,Greyjoy,,,,26,1,0,0,0,0,0,1
Fornio,Night's Watch,,,,33,1,0,0,0,1,0,0
Benjen Stark,Night's Watch,298,1,24,5,1,1,1,0,0,0,0
Kezmya,None,,,,2,0,1,0,0,0,0,1
Ellaria Sand,Martell,,,,38,0,1,0,0,1,0,1
Aegon Frey (Jinglebell),None,299,3,51,49,1,1,0,0,1,0,0
Polliver,None,300,3,27,26,1,0,0,1,1,0,0
Josmyn Peckledon,Lannister,,,,65,1,0,0,1,1,1,1
Chiggen,Lannister,298,1,42,31,1,0,1,0,0,0,0
Denys Drumm,Greyjoy,,,,19,1,1,0,0,0,1,0
Harmune,Night's Watch,,,,78,1,0,0,0,0,0,1
Stygg,House Greyjoy,,,,37,1,0,0,1,0,0,0
Ermesande Hayford,None,,,,2,0,1,0,1,1,1,0
Kyle (Banners),None,299,3,39,39,1,0,0,0,1,0,0
Jeor Mormont,Night's Watch,299,3,33,48,1,1,1,1,1,0,0
Jhogo,House Targaryen,,,,23,1,0,1,1,1,0,1
Dagmer,House Greyjoy,,,,11,1,0,0,1,0,0,0
Jon Snow,Night's Watch,,,,1,1,1,1,1,1,1,1
Robar Royce,Baratheon,299,2,6,29,1,1,1,1,1,0,0
Jonos Bracken,Tully,,,,28,1,1,1,0,1,0,1
Weasel,None,,,,9,0,0,0,1,0,0,0
Nan,House Stark,,,,1,0,0,1,1,0,0,0
Tallad,Lannister,,,,17,1,0,0,1,1,1,0
Orell,Wildling,299,2,51,51,1,0,0,1,0,0,0
Lorent Caswell,Baratheon,,,,22,1,1,0,1,0,0,0
Jory Cassel,Stark,298,1,35,1,1,1,1,0,0,0,0
Gage,House Stark,,,,4,1,1,0,1,0,0,0
Rusty Flowers,Night's Watch,,,,7,1,0,0,0,0,0,1
Harghaz,None,300,5,70,52,1,0,0,0,0,0,1
Gormond Goodbrother,Greyjoy,,,,1,1,1,0,0,0,1,0
Maerie (Goodwife),None,299,3,34,34,0,0,0,0,1,0,0
Todric,Greyjoy,299,2,37,37,1,0,0,1,0,0,0
Caleotte,House Martell,,,,2,1,0,0,0,0,1,1
Kromm,House Greyjoy,299,2,66,56,1,0,0,1,0,0,0
Ralf the Limper,Greyjoy,,,,18,1,0,0,0,0,1,1
Qhorin Halfhand,Night's Watch,299,2,68,43,1,0,0,1,0,0,0
Praed,None,299,2,9,5,1,0,0,1,0,0,0
Kyra,House Stark,300,5,12,37,0,0,1,1,0,0,1
Grenn,Night's Watch,,,,19,1,0,1,1,1,1,1
Unella,None,,,,43,1,0,0,0,0,1,0
Frenya,Wildling,300,5,69,37,0,0,0,0,0,0,1
Arson,Wildling,,,,26,1,0,0,0,1,0,0
Damon Dance-for-Me,None,,,,12,1,0,0,0,0,0,1
Moreo Tumitis,None,,,,18,1,0,1,0,0,0,0
Tyta Frey,None,,,,49,0,1,0,0,1,0,0
Lucan,None,299,2,64,38,1,0,0,1,0,0,0
Pono,None,,,,68,1,1,1,0,0,0,0
Three Toes,None,,,,44,1,0,0,0,1,0,0
Mebble,None,,,,47,1,0,0,1,0,0,0
Hobb,Night's Watch,,,,52,1,0,1,0,1,0,1
Brienne of Tarth,Stark,,,,22,0,1,0,1,1,1,1
Shyra Errol,Baratheon,300,4,,42,0,1,0,1,0,0,0
Donnel Waynwood,Tully,,,,34,1,1,1,0,0,0,0
Joffrey Baratheon,House Lannister,300,3,60,5,1,1,1,1,1,0,0
Ulwyck Uller,Martell,,,,38,1,1,0,0,1,0,1
Sansa Stark,Stark,,,,7,0,1,1,1,1,1,0
Daven Lannister,House Lannister,,,,12,1,1,0,0,0,1,0
Owen,Night's Watch,,,,55,1,0,0,0,1,0,1
Arya Stark,Stark,,,,2,0,1,1,1,1,1,1
Jaremy Rykker,Night's Watch,298,5,60,21,1,1,1,0,0,0,0
Dagon Codd,Greyjoy,300,5,20,20,1,1,0,0,0,0,1
Mors Manwoody,Martell,,,,38,1,1,0,0,1,0,0
Tuffleberry,None,,,,38,1,0,0,1,0,0,0
Lyonel,None,,,,38,1,0,0,1,0,0,0
Eon Hunter,Arryn,300,3,80,38,1,1,1,0,1,0,0
Conn,Lannister,298,1,62,42,1,0,1,0,0,0,0
Guyard Morrigen,Baratheon,299,2,62,22,1,1,0,1,0,0,0
Chayle,Stark,299,2,50,9,1,0,1,1,0,0,0
Jaime Lannister,Lannister,,,,5,1,1,1,1,1,1,1
Merlon Crakehall,Lannister,,,,38,1,1,0,0,1,0,0
Small Paul,Night's Watch,299,3,18,0,1,0,0,0,1,0,0
Palla,House Stark,,,,46,0,0,0,1,0,0,0
Shadrich,None,,,,4,1,0,0,0,0,1,0
Alysane Mormont,Stark,,,,35,0,1,0,0,0,0,1
Quentyn Martell,Martell,300,5,70,6,1,1,0,0,0,0,1
Asha Greyjoy,House Greyjoy,,,,11,0,1,0,1,0,1,1
Husband,None,,,,11,1,0,0,0,1,0,0
Elinor Tyrell,Tyrell,,,,6,0,1,0,0,1,1,0
Luco Prestayn,None,,,,22,1,0,0,0,0,1,0
Alla Tyrell,House Tyrell,,,,6,0,1,0,0,1,1,0
Petyr Baelish,None,,,,18,1,0,1,1,1,1,0
Bannen,Night's Watch,299,3,33,0,1,0,0,0,1,0,0
Pyg,None,300,4,20,20,1,0,0,0,1,1,0
Tobho Mott,None,,,,27,1,0,1,0,1,0,0
Murenmure,Greyjoy,,,,1,1,0,0,0,0,1,0
Forley Prester,Lannister,,,,33,1,1,0,0,0,1,0
Pypar,Night's Watch,,,,19,1,0,1,0,1,1,1
Narbert,None,,,,31,1,0,0,0,0,1,0
Tom of Sevenstreams,None,,,,13,1,0,0,0,1,1,0
Endrew Tarth,Night's Watch,299,3,69,60,1,0,1,0,1,0,0
Dalla,Wildling,300,3,76,73,0,1,0,0,1,0,0
Luke of Longtown,Night's Watch,,,,35,1,0,0,0,0,0,1
Walda Rivers (daughter of Aemon),None,,,,49,0,1,0,0,1,0,0
Vargo Hoat,None,300,3,20,30,1,0,0,1,1,0,0
Jon Umber (Greatjon),Stark,,,,51,1,1,1,1,1,0,0
Left Hand Lew,Night's Watch,,,,48,1,0,0,0,1,0,1
Benfrey Frey,None,299,5,51,51,1,1,0,0,1,0,0
Leonette Fossoway,Tyrell,,,,6,0,1,0,0,1,0,0
Endehar,Greyjoy,,,,56,1,0,0,1,0,0,0
The Red Lamb,House Targaryen,,,,67,1,0,0,0,0,0,1
Pate (Lancewood),None,299,3,34,34,1,0,0,0,1,0,0
Edric Storm,House Baratheon,,,,10,1,0,0,0,1,0,0
Arwyn Oakheart,Tyrell,,,,22,0,1,0,1,0,0,0
Margaery Tyrell,House Tyrell,,,,22,0,1,0,1,1,1,0
Rickard Karstark,Stark,299,3,20,53,1,1,1,1,1,0,0
Wylis Manderly,Stark,,,,55,1,1,1,1,0,1,0
Quort,Wildling,299,3,55,41,1,0,0,0,1,0,0
Hot Pie,None,,,,1,1,0,0,1,1,0,0
Brown Bernarr,Night's Watch,299,3,33,23,1,0,0,1,1,0,0
Chella,Lannister,,,,56,0,0,1,1,1,0,0
Kerwin,House Tyrell,300,5,56,29,1,0,0,0,0,1,1
Amory Lorch,House Lannister,299,2,47,14,1,1,0,1,0,0,0
Clayton Suggs,Baratheon,,,,17,1,0,0,0,0,0,1
Tim Tangletongue,Night's Watch,,,,69,1,0,0,0,1,0,0
Ossy,Arryn,,,,41,1,0,0,0,0,1,0
Lew,House Stark,,,,7,1,0,1,0,0,0,0
William Mooton,Tully,,,,14,1,1,0,0,0,1,0
Waymar Royce,Night's Watch,297,1,0,0,1,1,1,0,0,0,0
Hodor,House Stark,,,,24,1,0,1,1,1,0,1
Umfred,None,,,,68,1,0,0,0,1,0,0
Jon Bettley,Lannister,,,,16,1,1,0,0,0,1,0
Howd Wanderer,Wildling,,,,58,1,1,0,0,0,0,1
Halder,Night's Watch,,,,19,1,0,1,0,1,0,0
Alliser Thorne,Night's Watch,,,,19,1,0,1,1,1,0,1
Meldred Merlyn,Greyjoy,,,,1,1,1,0,0,0,1,0
Grisel,None,,,,68,0,0,0,0,1,0,0
Arryk (Guard),House Tyrell,,,,6,1,0,0,0,1,1,0
Vayon Poole,Stark,298,1,21,7,1,0,1,1,0,0,0
Aurane Waters,Lannister,,,,65,1,0,0,1,0,1,0
Jack Bulwer,Night's Watch,300,5,31,64,1,0,0,0,1,1,1
Desmond Grell,Tully,,,,7,1,1,0,1,1,1,0
Shagga,Lannister,,,,39,1,0,1,1,0,0,0
Harwood Stout,Stark,,,,32,1,1,0,0,0,0,1
Ogo,None,298,1,61,46,1,1,1,0,0,0,0
Glendon Hewett,Night's Watch,,,,69,1,0,0,0,1,0,0
Jate,House Lannister,,4,44,44,1,0,0,0,0,1,0
Utherydes Wayn,Tully,,,,71,1,0,1,1,1,0,0
Tybero Istarion,None,,,,66,1,0,0,0,0,0,1
Dancy,None,,,,29,0,0,0,1,0,0,0
Dermot,Baratheon,,,,65,1,0,0,1,0,1,0
Aeron Greyjoy,House Greyjoy,,,,11,1,1,0,1,0,1,0
Joyeuse Erenford,None,,,,28,0,1,1,0,1,0,0
Orphan Oss,Night's Watch,300,5,4,,1,0,0,0,1,0,1
Meredyth Crane,Tyrell,,,,61,0,1,0,0,1,1,0
Woth,Night's Watch,299,2,14,14,1,0,0,1,0,0,0
Luton,None,300,5,51,37,1,0,0,0,0,0,1
Terrance Lynderly,Arryn,,,,41,1,1,0,0,0,1,0
Grazdan zo Galare,None,,,,2,1,1,0,0,0,0,1
Nute,House Greyjoy,,,,18,1,0,0,0,0,1,0
Khorane Sathmantes,None,,,,10,1,0,0,0,1,0,0
Petyr Frey,None,300,3,,49,1,1,0,0,1,0,0
Mace Tyrell,House Tyrell,,,,62,1,1,0,1,1,1,1
Harwood Fell,House Baratheon,300,5,42,17,1,1,0,0,0,0,1
Hallis Mollen,Stark,,,,14,1,1,1,1,0,0,0
Myria Jordayne,Martell,,,,38,0,0,0,0,1,0,1
Softfoot,Night's Watch,299,3,18,0,1,0,0,0,1,0,0
Del,Wildling,299,3,41,41,1,0,0,0,1,0,0
Bass,Night's Watch,,,,52,1,0,1,0,0,0,0
Taena of Myr,Lannister,,,,6,0,1,0,0,1,1,0
Selyse Florent,Baratheon,,,,0,0,1,0,1,1,0,1
Rudge,Night's Watch,,,,60,1,0,1,0,0,0,0
Ambrode,Greyjoy,,,,24,1,0,0,1,0,0,0
Erryk (Guard),House Tyrell,,,,6,1,0,0,0,1,1,0
Sylva Santagar,Martell,,,,21,0,1,0,0,0,1,0
Marei,None,,,,29,0,0,0,1,0,0,0
Mezzara,None,,,,2,0,1,0,0,0,0,1
Maege Mormont,Stark,,,,53,0,1,1,0,1,0,0
Ronald Storm,None,,,,61,1,0,0,0,0,0,1
Nage,None,,,,44,1,0,0,0,1,0,0
Gyles Grafton,Arryn,,,,41,1,1,0,0,0,1,0
Joseth,House Stark,,,,37,1,0,1,1,0,0,0
Ygritte,Wildling,299,3,55,51,0,0,0,1,1,0,0
Thoren Smallwood,Night's Watch,299,3,18,6,1,1,0,1,1,0,0
Lorren,Greyjoy,299,2,66,37,1,0,0,1,0,0,0
Varys,Targaryen,,,,25,1,0,1,1,1,0,1
Dunsen,None,,,,26,1,0,0,1,0,0,0
Aemon Costayne,Lannister,,,,,1,1,0,0,1,0,0
Eddard Karstark,Stark,298,1,63,53,1,1,1,0,0,0,0
Torrhen Karstark,Stark,298,1,63,53,1,1,1,0,0,0,0
Hamish the Harper,None,300,5,43,32,1,0,0,0,1,1,0
Bowen Marsh,Night's Watch,,,,21,1,0,1,0,1,0,1
Harys Haigh,None,,,,64,1,1,0,1,1,0,0
Robett Glover,Stark,,,,53,1,1,1,1,0,0,1
Cuger,Night's Watch,,,,,1,0,1,0,0,0,0
Rast,Night's Watch,299,3,26,55,1,0,1,0,1,0,0
Delp,House Tully,299,3,20,39,1,0,0,1,1,0,0
Jarl,Wildling,299,3,26,7,1,0,0,0,1,0,0
Jhezane,None,,,,2,0,1,0,0,0,0,1
Lennocks,None,,,34,34,1,0,0,0,1,0,0
Eddison Tollett,Night's Watch,,,,13,1,0,0,1,1,1,1
Randyll Tarly,Tyrell,,,,22,1,1,0,1,0,1,1
Becca,House Arryn,,,,12,0,0,1,0,0,0,0
Dick Follard,Night's Watch,299,3,55,41,1,0,0,0,1,0,0
Areo Hotah,House Martell,,,,2,1,0,0,0,0,1,1
Cressen,Baratheon,299,1,0,0,1,0,0,1,0,0,0
Preston Greenfield,Baratheon,299,2,41,43,1,0,1,1,0,0,0
Sallor,None,299,3,42,42,1,0,0,0,1,0,0
Mya Stone,Arryn,,,,34,0,0,1,0,0,1,0
Alester Florent,Baratheon,300,4,,36,1,1,0,1,1,0,0
Lollys Stokeworth,Lannister,,,,2,0,1,0,1,1,0,0
Haldon,House Targaryen,,,,8,1,0,0,0,0,0,1
Harry Strickland,None,,,,24,1,0,0,0,0,0,1
Grazdan mo Ullhor,None,299,3,27,27,1,1,0,0,1,0,0
Lanna (Happy Port),None,,,,34,0,0,0,0,0,1,0
Wylla Manderly,Stark,,,,19,0,1,0,0,0,0,1
Gueren,Night's Watch,,,,38,1,0,1,0,0,0,0
Alyn Estermont,Baratheon,,,,,1,1,0,1,1,0,0
Guncer Sunglass,Baratheon,299,3,10,0,1,1,0,1,1,0,0
Draqaz,None,,,,2,1,1,0,0,0,0,1
Three-Tooth,Greyjoy,,,,11,0,0,0,0,0,1,0
Kedge Whiteye,Night's Watch,,,,43,1,0,0,1,1,1,0
Pycelle,House Lannister,300,5,,20,1,0,1,1,1,1,1
Lyn Corbray,Arryn,,,,38,1,1,1,0,0,1,0
Rolly Duckfield,Targaryen,,,,8,1,0,0,0,0,0,1
Murch (Winterfell),House Stark,,,,50,1,0,0,1,0,0,0
Bayard Norcross,Tyrell,,,,28,1,1,0,0,0,1,0
Ballabar,Lannister,,,,4,1,0,0,1,0,0,0
Utt,None,299,3,39,30,1,0,0,1,1,0,0
Kojja Mo,None,,,,35,0,0,0,0,0,1,0
Raynald Westerling,Stark,299,3,44,14,1,1,0,0,1,1,0
Obara Sand,House Martell,,,,2,0,1,0,0,0,1,1
Black Walder Frey,None,,,,35,1,1,0,0,1,0,0
Bennet,None,300,4,31,31,1,0,0,0,0,1,0
Ryk,Wildling,,,,7,1,0,0,0,1,0,0
Axell Florent,Baratheon,,,,0,1,1,0,1,1,0,1
Moro,None,,,,3,1,1,1,0,0,0,0
Shireen Baratheon,Baratheon,,,,0,0,1,0,1,1,0,1
Ardrian Celtigar,Baratheon,,,,10,1,1,0,1,1,0,0
Moon Boy,Baratheon,,,,29,1,0,1,1,1,1,0
Loras Tyrell,Tyrell,,,,18,1,1,1,1,1,1,0
Myles,House Martell,,,,2,1,0,0,0,0,1,1
Yurkhaz zo Yunzak,None,300,5,59,47,1,0,0,0,0,0,1
Quaro,Targaryen,298,1,64,50,1,0,1,0,0,0,0
Greydon Goodbrother,Greyjoy,,,,1,1,1,0,0,0,1,0
Beric Dondarrion,None,300,4,27,42,1,1,1,0,1,0,0
Pate (novice),None,300,4,0,0,1,0,0,0,0,1,0
Yellow Dick,None,300,5,46,12,1,0,0,0,0,0,1
Godwyn,House Lannister,,,,32,1,0,1,0,0,0,0
Steffon Swyft,Lannister,,,,27,1,1,0,0,0,1,0
Talbert Serry,Tyrell,300,4,29,29,1,1,0,0,0,1,0
Mord,House Arryn,,,,38,1,0,1,0,0,1,0
Gilly,Wildling,,,,23,0,0,0,1,1,1,1
Xhondo,None,,,,26,1,0,0,0,0,1,0
Genna Lannister,Lannister,,,,33,0,1,0,0,0,1,0
Elwood,House Tully,299,3,20,20,1,0,0,0,1,0,0
Roslin Frey,None,,,,35,0,1,0,0,1,0,0
Oswell Kettleblack,None,,,,68,1,1,0,0,1,0,0
Alyn Stackspear,Lannister,,,,16,1,1,0,0,0,1,0
Penny,None,,,,60,0,0,0,0,1,0,1
Morrec,House Lannister,298,1,31,13,1,0,1,0,0,0,0
Jacelyn Bywater,Lannister,299,2,19,8,0,1,0,1,0,0,0
Mance Rayder,Wildling,,,,15,1,1,0,0,1,0,1
Cutjack,None,,,,5,1,0,0,1,0,0,0
Pyat Pree,None,,,,12,1,1,0,1,0,0,0
Joseran,Greyjoy,,,,11,1,0,0,0,0,1,0
Zollo,None,,,,21,1,0,0,0,1,0,0
Sour Alyn,None,,,,12,1,0,0,0,0,0,1
Mordane,House Stark,298,1,67,7,0,0,1,0,0,0,0
Jate Blackberry,House Baratheon,,3,10,10,1,0,0,0,1,0,0
Grazdar zo Galare,None,,,,2,1,1,0,0,0,0,1
Meha,Wildling,,,,0,0,0,0,0,0,0,1
Eroeh,Targaryen,298,1,68,61,1,0,1,0,0,0,0
Harra,None,299,2,64,26,0,0,0,1,0,0,0
Pate (Old),None,,,34,13,1,0,0,0,1,0,0
Hubard Rambton,Baratheon,299,5,10,10,1,1,0,1,0,0,0
Wyl (guard),House Stark,298,1,35,35,1,0,1,0,0,0,0
Aenys Frey,None,300,5,,59,0,1,1,1,1,0,1
Ondrew Locke,Stark,,,,37,1,1,0,0,0,0,1
Hugo Vance,Tully,,,,30,1,1,0,0,0,1,0
Bryce Caron,Baratheon,299,2,65,29,1,1,1,1,0,0,0
Karyl Vance,Tully,,,,43,1,1,1,0,1,1,0
Parmen Crane,Baratheon,,,,22,1,1,0,1,0,0,0
Anya Waynwood,Arryn,,,,38,0,1,1,0,0,1,0
Bran Stark,House Stark,,,,1,1,1,1,1,1,0,1
Little Walder Frey,None,300,5,51,59,1,1,1,1,0,0,1
Enger,House Tully,,,,39,1,0,0,1,0,0,0
Irri,House Targaryen,,,,11,0,0,1,1,1,0,1
Walder Rivers,None,,,,35,1,1,0,0,1,1,0
Ben Plumm,None,,,,57,1,0,0,0,1,0,1
Lommy,Night's Watch,299,2,19,1,1,0,0,1,0,0,0
Meera Reed,Stark,,,,21,0,1,0,1,1,0,1
Hazzea,None,300,5,11,11,0,0,0,0,0,0,1
Garlan Tyrell,House Tyrell,,,,62,1,1,0,1,1,1,0
Martyn Rivers,None,,,,29,1,1,1,1,1,0,0
Ollo Lophand,Night's Watch,300,5,4,0,1,0,0,0,1,0,1
Bella,None,,,,29,0,0,0,0,1,0,0
Donal Noye,Night's Watch,300,3,64,19,1,0,1,1,1,0,0
Garth Greyfeather,Night's Watch,300,5,31,48,1,0,0,0,1,0,1
Emmon Cuy,Baratheon,299,2,42,33,1,1,0,1,0,0,0
Stevron Frey,Stark,299,2,35,59,1,1,1,1,0,0,0
Jack-Be-Lucky,None,,,,17,1,0,0,0,1,1,0
Timett,Lannister,,,,56,1,0,1,1,0,0,0
Dalbridge,Night's Watch,299,2,53,43,1,0,0,1,0,0,0
Haggo,None,298,1,64,11,1,0,1,0,0,0,0
Olyvar Frey,None,,,,59,1,1,1,0,0,0,0
Megga Tyrell,House Tyrell,,,,6,0,1,0,0,1,1,0
Squint,House Greyjoy,299,2,50,50,1,0,0,1,0,0,0
Drennan,House Greyjoy,299,2,50,50,1,0,0,1,0,0,0
Arnolf Karstark,Stark,,,,3,1,1,0,0,0,0,1
Wendello Qar Deeth,None,,,,40,1,1,0,1,0,0,0
Triston Sunderland,Lannister,,,,9,1,1,0,0,0,0,1
Anguy,None,,,,30,1,0,1,0,1,0,0
Jalabhar Xho,None,,,,29,1,1,1,1,1,1,0
Ulmer,Night's Watch,,,,33,1,0,0,0,1,0,1
Yohn Farwynd,Greyjoy,,,,19,1,1,0,0,0,1,0
Edwyn Frey,None,,,,38,1,1,0,0,1,1,0
Timeon,None,300,4,20,21,1,0,0,0,1,1,0
Red Alyn,Night's Watch,300,3,69,55,1,0,0,0,1,0,0
Emmon Frey,Lannister,,,,29,1,1,1,0,0,1,0
Monster,Wildling,,,,33,1,0,0,0,1,1,1
Lord of Bones,Wildling,300,5,10,68,1,1,0,1,1,0,1
Wyl the Whittler,None,299,3,34,34,1,0,0,0,1,0,0
Myrtle,Wildling,300,5,69,37,0,0,0,0,0,0,1
Vylarr,House Lannister,,,,3,1,0,0,1,0,0,0
Grazdan mo Eraz,None,,,,42,1,1,0,0,1,0,0
Falyse Stokeworth,Lannister,300,5,36,2,0,1,0,1,0,1,0
Weese,Lannister,299,2,38,26,1,0,0,1,0,0,0
Dareon,Night's Watch,300,4,34,19,1,0,1,0,0,1,0
Blane,Night's Watch,,,,23,1,0,0,1,0,0,0
Ygon Farwynd,Greyjoy,,,,19,1,1,0,0,0,1,0
Cley Cerwyn,Stark,299,2,66,16,1,1,0,1,0,0,0
Medger Cerwyn,Stark,299,2,30,53,1,1,1,1,0,0,0
Kenned,House Greyjoy,299,2,66,66,1,0,0,1,0,0,0
Squirrel,Wildling,300,5,69,37,0,0,0,0,0,0,1
Cortnay Penrose,Baratheon,299,2,42,31,1,1,0,1,0,0,0
Serra Frey,None,,,,49,0,1,0,0,1,0,0
Bellegere Otherys (courtesan),None,,,,34,0,1,0,0,0,1,0
Lambert Turnberry,Lannister,,,,7,1,1,0,0,0,1,0
Hake,Night's Watch,299,3,46,52,1,0,1,1,1,0,0
Roose Bolton,Stark,,,,33,1,1,1,1,1,0,1
Belwas,House Targaryen,,,,63,1,0,0,1,1,0,1
Tyrek Lannister,House Lannister,299,2,41,30,1,1,1,1,0,0,0
Wyman Manderly,Stark,,,,16,1,1,0,1,0,0,1
Lyman Darry,Tully,299,3,7,71,1,1,1,1,0,0,0
Alesander Staedmon,Baratheon,,,,65,1,1,0,1,0,0,0
Holger,None,,,,49,1,0,0,1,0,0,0
Jarman Buckwell,Night's Watch,300,5,21,13,1,0,0,1,0,0,1
Sybell Spicer,Lannister,,,,14,0,1,0,0,1,1,0
Willam Wells,Martell,300,5,6,6,1,0,0,0,0,0,1
Steelskin,None,,,,11,1,0,0,0,0,0,1
Hobber Redwyne,Tyrell,,,,27,1,1,1,1,1,1,0
Sybassion,None,,,,63,1,0,0,1,0,0,0
Galbart Glover,Stark,,,,55,1,1,1,0,1,0,0
Dalla (Dragonstone),Baratheon,,,,0,0,0,0,1,0,0,0
Dickon Manwoody,Martell,,,,38,1,1,0,0,1,0,0
Jojen Reed,Stark,,,,21,1,1,0,1,1,0,1
Garth of Oldtown,Night's Watch,299,3,33,33,1,0,0,0,1,0,0
Bedwyck,Night's Watch,,,,13,1,0,0,1,1,0,1
Ulf the Ill,House Greyjoy,299,2,66,66,1,0,0,1,0,0,0
Oppo,None,300,4,17,60,1,0,0,0,1,1,0
Grey Worm,Targaryen,,,,42,1,0,0,0,1,0,1
Catelyn Tully,House Stark,299,3,51,2,0,1,1,1,1,0,0
Jommy,House Baratheon,,,,0,1,0,0,1,0,0,0
Willum,Tully,,,,43,1,0,1,0,0,0,0
Joss Stilwood,Lannister,,,,,1,0,1,0,0,0,0
Symon Silver Tongue,Lannister,299,3,32,44,1,0,0,1,1,0,0
Erreck,None,,,,12,1,0,0,0,1,0,0
Harrag Sharp,Greyjoy,299,5,19,66,1,1,0,1,0,1,0
Notch,None,,,,43,1,0,0,0,1,0,0
Colen of Greenpools,House Baratheon,,,,22,1,1,0,1,0,0,0
Dhazzar,None,,,,2,1,1,0,0,0,0,1
Myles Manwoody,Martell,,,,38,1,1,0,0,1,0,0
Arthor Karstark,Stark,,,,62,1,1,0,0,0,0,1
Jon Umber (Smalljon),Stark,299,3,51,63,1,1,1,0,1,0,0
Kella,None,,,,68,0,0,0,0,1,0,0
Young Henly,Night's Watch,299,3,55,55,1,0,0,0,1,0,0
Poxy Tym,House Stark,299,2,69,16,1,0,0,1,0,0,0
Clydas,Night's Watch,,,,41,1,0,1,0,1,1,1
Tormund,Wildling,,,,7,1,1,0,0,1,0,1
Kennos of Kayce,Lannister,,,,6,1,1,0,0,1,1,1
Mellei,House Martell,,,,40,0,0,0,0,0,1,0
Walder Frey,None,,,,28,1,1,1,0,1,0,0
Godry Farring,Baratheon,,,,3,1,1,0,0,0,0,1
Azzak,None,,,,2,1,1,0,0,0,0,1
Jynessa Blackmont,Martell,,,,38,0,1,0,0,1,0,0
Antario Jast,Lannister,,,,32,1,1,0,1,0,0,0
Jyck,House Lannister,298,1,31,21,1,0,1,0,0,0,0
Lark,Night's Watch,299,3,46,23,1,0,0,1,1,0,0
Jaqen H'ghar,None,,,,5,1,0,0,1,0,1,0
Gawen Westerling,Stark,,,,33,1,1,0,0,0,1,0
Qarl the Maid,Greyjoy,,,,42,1,0,0,1,0,1,1
Wendel Manderly,Stark,299,3,51,55,1,1,1,1,1,0,0
Thistle,Wildling,300,5,0,0,0,0,0,0,0,0,1
Garth of Greenaway,Night's Watch,300,5,4,33,1,0,0,0,1,0,1
Bhakaz zo Loraq,None,,,,2,1,1,0,0,0,0,1
Lucas Codd,Greyjoy,,,,11,1,1,0,0,0,1,0
Gared,Night's Watch,297,1,1,0,1,0,1,0,0,0,0
Roger Ryswell,Stark,,,,20,1,1,0,0,0,0,1
Theon Greyjoy,House Greyjoy,,,,1,1,1,1,1,0,0,1
Dick Crabb,None,300,4,20,9,1,0,0,0,0,1,0
Morra,House Martell,,,,40,0,0,0,0,0,1,0
Jaggot,None,,,,42,1,0,1,0,0,0,0
Khrazz,None,300,5,67,11,1,0,0,0,0,0,1
Tregar,House Lannister,298,1,39,35,1,0,1,0,0,0,0
Vardis Egen,Arryn,298,1,40,34,1,0,1,0,0,0,0
Aggo,House Targaryen,,,,54,1,0,1,1,1,0,1
Rigney,None,,,,11,1,0,0,0,0,1,0
Belaquo,None,,,,52,1,0,0,0,0,0,1
Waif,None,,,,6,0,0,0,0,0,1,1
Sedgekins,None,,,,50,1,0,0,0,1,0,0
Gladden Wylde,Stark,298,1,55,43,1,1,1,0,0,0,0
Will,Night's Watch,297,1,0,0,1,0,1,0,0,0,0
Morna White Mask,Wildling,,,,48,0,1,0,0,0,0,1
Grubbs,Night's Watch,300,5,4,0,1,0,0,0,1,0,1
Orton Merryweather,Lannister,,,,11,1,1,0,0,1,1,0
Aggar,House Greyjoy,299,2,56,50,1,0,0,1,0,0,0
Ithoke,None,,,,11,1,0,0,0,0,0,1
Victarion Greyjoy,House Greyjoy,,,,24,1,1,0,1,0,1,1
Miklaz,None,,,,2,1,1,0,0,0,0,1
Pia,None,,,,30,0,0,0,1,0,1,0
Byam Flint,Night's Watch,299,3,33,33,1,0,0,0,1,0,0
Allard Seaworth,Baratheon,299,2,10,10,1,1,0,1,0,0,0
Mycah,Stark,298,1,16,15,1,0,1,0,0,0,0
Blue Bard,House Tyrell,,,,12,1,0,0,0,0,1,0
Pate (Night's Watch),Night's Watch,,,,60,1,0,1,0,0,0,0
Damon Vypren,None,,,,49,1,1,0,0,1,0,0
Holly,Wildling,300,5,69,37,0,0,0,0,0,0,1
Leo Lefford,Lannister,299,2,45,62,1,1,1,1,0,0,0
Nurse,None,300,5,57,57,1,0,0,0,0,0,1
Clement Piper,Tully,,,,38,1,1,0,0,0,1,0
Jhaqo,None,,,,68,1,1,1,0,0,0,1
Iggo,None,299,3,3,3,1,0,0,0,1,0,0
Cayn,House Stark,298,1,49,4,1,0,1,0,0,0,0
Watt,Night's Watch,299,3,75,69,1,0,0,0,1,0,0
Urreg,Night's Watch,299,2,19,14,1,0,0,1,0,0,0
Bronn,Lannister,,,,28,1,1,1,1,1,0,0
Gerold Dayne,Martell,,,,13,1,1,0,0,0,1,0
Mawney,Night's Watch,300,5,4,18,1,0,0,0,1,0,1
Alyn,House Stark,298,3,34,12,1,0,1,0,0,0,0
Brynden Tully,House Tully,,,,2,1,1,1,1,1,1,0
Meryn Trant,Lannister,,,,8,1,1,1,1,1,1,1
Tomard,House Stark,298,1,49,22,1,0,1,0,0,0,0
Tion Frey,Lannister,299,3,20,20,0,1,0,0,1,0,0
Groleo,House Targaryen,300,5,59,,1,0,0,0,1,0,1
Halys Hornwood,Stark,298,1,62,53,1,1,1,0,0,0,0
Osmund Kettleblack,Lannister,,,,41,1,1,0,1,1,1,0
Tanda Stokeworth,Lannister,300,4,32,2,0,1,0,1,1,0,0
Larra Blackmont,Martell,,,,38,0,1,0,0,1,0,0
Satin,Night's Watch,,,,6,1,0,0,1,1,0,1
Mathos Mallarawan,None,,,,40,1,1,0,1,0,0,0
Willem Lannister,House Lannister,299,3,20,19,1,1,0,0,1,0,0
Willow Witch-eye,Wildling,300,5,69,37,0,0,0,0,0,0,1
Quenten Banefort,Lannister,,,,16,1,1,0,0,0,1,0
Arianne Martell,House Martell,,,,2,0,1,0,0,0,1,1
Gelmarr,House Greyjoy,299,2,56,50,1,0,0,1,0,0,0
Raymun Darry,Targaryen,298,1,55,16,1,1,1,0,0,0,0
Tremond Gargalen,Martell,,,,38,1,1,0,0,1,0,1
Alyx Frey,None,,,,49,1,1,0,0,1,0,0
Jodge,House Lannister,,,,30,1,0,0,1,0,0,0
Lucias Vypren,None,,,,49,1,1,0,0,1,0,0
Conwy,Night's Watch,,,,6,1,0,0,1,0,0,0
Robin Ryger,Tully,,,,7,1,1,0,1,1,1,0
Gwin Goodbrother,Greyjoy,,,,1,0,1,0,0,0,1,0
Rorge,None,300,4,37,1,1,0,0,1,1,1,0
Marwyn,None,,,,0,1,0,0,0,0,1,0
Dirk,Night's Watch,300,5,4,0,1,0,0,0,1,0,1
Patrek of King's Mountain,Baratheon,300,5,69,44,1,1,0,0,0,0,1
Symond Templeton,Arryn,,,,10,1,1,0,0,0,1,0
Rolley,Night's Watch,299,3,33,0,1,0,0,0,1,0,0
Theo Frey,None,,,,29,1,1,1,0,0,0,0
Gyles Rosby,Lannister,300,4,39,57,1,1,1,1,1,1,0
Morton Waynwood,Arryn,,,,40,1,1,1,0,0,0,0
Elmar Frey,None,,,,59,1,1,1,1,1,0,0
Murch,Night's Watch,,,,9,1,0,0,1,0,0,0
Maris,Wildling,,,,58,0,0,0,0,0,0,1
Missandei,House Targaryen,,,,23,0,0,0,0,1,0,1
Urswyck,None,,,,21,1,0,0,0,1,0,0
Donnel Drumm,Greyjoy,,,,19,1,1,0,0,0,1,0
Stalwart Shield,Targaryen,300,5,2,2,1,0,0,0,0,0,1
Myrcella Baratheon,Lannister,,,,5,0,1,1,1,0,1,0
Skinner,None,,,,12,1,0,0,0,0,0,1
Muttering Bill,Night's Watch,300,5,4,,1,0,0,0,1,0,1
Syrio Forel,House Stark,298,1,50,22,1,0,1,0,0,0,0
Janna Tyrell,Tyrell,,,,6,0,1,0,0,1,1,0
Harys Swyft,Lannister,,,,69,1,1,1,1,1,1,1
Donella Hornwood,Stark,299,2,35,16,0,1,0,1,0,0,0
Gilwood Hunter,Arryn,,,,80,1,1,0,0,1,0,0
Colemon,House Arryn,,,,34,1,0,1,0,1,1,0
Mag Mar Tun Doh Weg,Wildling,300,3,64,15,1,1,0,0,1,0,0
Ralf Stonehouse,Greyjoy,,,,18,1,1,0,0,0,0,1
Owen Norrey,Tully,299,3,51,51,1,1,0,0,1,0,0
Rickon Stark,House Stark,,,,7,1,1,1,1,0,0,0
Osfryd Kettleblack,Lannister,,,,41,1,1,0,1,1,1,0
Nymeria Sand,House Martell,,,,2,0,1,0,0,0,1,1
Robert Baratheon,House Baratheon,298,1,47,4,1,1,1,0,0,0,0
Aegon Targaryen,House Targaryen,,,,5,1,1,0,0,0,0,1
Maron Volmark,Greyjoy,,,,18,1,1,0,0,0,1,0
Rolfe the Dwarf,House Greyjoy,300,5,26,26,1,0,0,0,0,0,1
Quaithe,None,,,,12,0,1,0,1,1,0,1
Aemon Targaryen (son of Maekar I),Night's Watch,300,4,35,21,1,1,1,0,1,1,0
Rolph Spicer,Lannister,,,,14,1,1,0,0,1,0,0
Morgarth,None,,,,41,1,0,0,0,0,1,0
Chataya,None,,,,15,0,0,0,1,0,0,0
Fogo,None,298,1,61,46,1,1,1,0,0,0,0
Brynden Rivers,House Targaryen,,,,34,1,1,0,0,0,0,1
High Sparrow,None,,,,4,1,0,0,0,0,1,1
Daario Naharis,Targaryen,,,,42,1,0,0,0,1,0,1
Cadwyn,House Lannister,,,,47,1,0,0,1,0,0,0
Lewis Lanster,None,,,,25,1,0,0,0,0,0,1
Quhuru Mo,None,,,,27,1,0,0,1,0,1,0
Arron,Night's Watch,,,,75,1,0,0,0,1,0,1
Rolder,House Lannister,,,,21,1,0,0,0,0,1,0
Andrey Dalt,Martell,,,,21,1,1,0,0,0,1,0
Will (orphan),None,,,,37,1,0,0,0,0,1,0
Richard Horpe,Baratheon,,,,17,1,1,0,0,0,0,1
Dykk Harlaw,Greyjoy,299,2,66,66,1,0,0,1,0,0,0
Yohn Royce,Arryn,,,,29,1,1,1,0,0,1,0
Jothos Slynt,Lannister,,,,66,1,1,0,0,1,0,0
Gerald Gower,Baratheon,,,,54,1,1,0,0,1,0,0
Watty,None,,,,39,1,0,0,0,1,0,0
Barra,None,299,2,39,35,0,0,1,0,0,0,0
Ben Bones,None,,,,12,1,0,0,0,0,0,1
Coldhands,None,,,,46,1,0,0,0,1,0,1
Wulfe,House Greyjoy,,,,29,1,0,0,0,0,1,1
Jared Frey,None,300,5,37,59,1,1,1,1,0,0,1
Elder Brother,None,,,,31,1,0,0,0,0,1,0
Ulf son of Umar,Lannister,298,1,62,56,1,0,1,0,0,0,0
Donyse,None,,,,72,0,0,0,0,1,0,0
Varamyr,Wildling,300,5,0,15,1,0,0,0,1,0,1
Sawwood,Night's Watch,,,,0,1,0,0,0,1,0,0
Rodrik Cassel,Stark,299,2,66,7,1,1,1,1,0,0,0
Zei,Stark,,,,64,0,0,0,0,1,0,0
